{
    "settings": {
        "options": {
            "show_on_front": "page",
            "posts_per_page": "12",
            "stylesheet": "pub\/illustratr"
        },
        "theme_mods": {
            "0": false,
            "nav_menu_locations": {
                "primary": "primary",
                "social": "social-media"
            },
            "jetpack_portfolio": {
                "page-content": "This is the Portfolio Archive Page. This paragraph of text can be edited via <em><a href=\"https:\/\/en.support.wordpress.com\/customizer\/\">Customizer \u2192 Portfolio<\/a><\/em>.",
                "page-title": "Portfolio"
            },
            "header_textcolor": "24282d",
            "background_color": "24282d",
            "background_image": "",
            "background_repeat": "repeat",
            "background_position_x": "left",
            "background_attachment": "fixed",
            "illustratr_hide_portfolio_page_content": false,
            "colors_manager": {
                "colors": {
                    "bg": "#24282d",
                    "link": "#e06d5e"
                }
            }
        },
        "headstart": {
            "mapped_id_options": [],
            "mapped_id_theme_mods": []
        }
    },
    "widgets": [
        {
            "id": "search-2",
            "id_base": "search",
            "settings": {
                "title": "Search"
            },
            "sidebar": "sidebar-1",
            "position": 0
        }
    ],
    "content": [
        {
            "post_title": "Contact",
            "post_content": "[contact-form][contact-field label=\"Name\" type=\"name\" required=\"1\"\/][contact-field label=\"Email\" type=\"email\" required=\"1\"\/][contact-field label=\"Comment\" type=\"textarea\" required=\"1\"\/][\/contact-form]",
            "post_status": "publish",
            "menu_order": 2,
            "comment_status": "closed",
            "ping_status": "closed",
            "post_type": "page",
            "hs_custom_meta": "_hs_contact_page",
            "hs_sharing": 0,
            "hs_like_status": 0,
            "hs_old_id": 101
        },
        {
            "post_title": "The Journey Begins",
            "post_content": "Thanks for joining me! <blockquote>Good company in a journey makes the way seem shorter. — Izaak Walton<\/blockquote><img class=\"wp-image-7 size-full\" src=\"https://headstartdata.files.wordpress.com/2018/02/post.png\" alt=\"post\" width=\"1000\" height=\"563\" \/>",
            "post_status": "publish",
            "menu_order": 1,
            "comment_status": "open",
            "ping_status": "open",
            "post_type": "post",
            "hs_custom_meta": "_hs_first_post",
            "hs_sharing": 0,
            "hs_like_status": 0,
            "hs_old_id": 102
        },
        {
            "post_title": "Home",
            "post_content": "Welcome to my site!",
            "post_status": "publish",
            "menu_order": 1,
            "comment_status": "closed",
            "ping_status": "closed",
            "post_type": "page",
            "hs_custom_meta": "_hs_front_page",
            "hs_sharing": 0,
            "hs_like_status": 0,
            "page_template": "page-templates\/portfolio-page.php",
            "hs_old_id": 103
        },
        {
            "post_title": "Blog",
            "post_content": "",
            "post_status": "publish",
            "menu_order": 4,
            "comment_status": "closed",
            "ping_status": "closed",
            "post_type": "page",
            "hs_custom_meta": "_hs_blog_page",
            "hs_sharing": 1,
            "hs_like_status": 1,
            "hs_old_id": 104
        },
        {
            "post_title": "My Project",
            "post_content": "<img class=\"wp-image-7 size-full\" src=\"https://headstartdata.files.wordpress.com/2017/02/zcugjyqewe8-joseph-gonzalez-1.jpg\" alt=\"project\" width=\"1000\" height=\"563\" \/>",
            "post_excerpt": "",
            "post_status": "publish",
            "comment_status": "closed",
            "ping_status": "closed",
            "post_type": "jetpack-portfolio",
            "hs_custom_meta": "_hs_portfolio",
            "hs_sharing": 0,
            "hs_like_status": 0,
            "attachment_url": "https://headstartdata.files.wordpress.com/2017/02/zcugjyqewe8-joseph-gonzalez-1.jpg",
            "hs_old_id": 200
        }
    ]
}
